"AnimalID","StartDate","Sex","BirthDate","PairingDate","ExperimentalGroup","OriginalGroup","KingRemovalDate","OriginalGroup_LastParturitionDate","IsolationDate","DeathDate","LastDate","ExperimentalUnit","Treatment","Age","BS_Original","FirstDCConceptionDate","FirstDCParturitionDate","FirstDCParturitionColony","BS_Final","EvictionDate","EvictionStatus","ConceptionCategory","Eviction_GS","BS_Original2","EvictionStatus2","LastOrGroupPartIsol_DayDiff","IsolationPeriod","EvictionPairingDayDiff","FirstConceptionPairingDayDiff","FirstConceptionEvictionDayDiff","FirstParturitionPairingDayDiff","FirstParturitionEvictionDayDiff","Eviction_Cat","BS_PlotCategory","PartnerID","PartnerAge","AgeDiff","AgeDiff_Cat","Sampling_Cat"
"TIF039",2023-03-22,"F",2020-03-23,2023-05-10,"Asahi","Tinbergen",NA,2022-10-05,2023-04-07,NA,2024-08-06,23,"Sub",1110,"Helper",2023-05-23,2023-08-16,"Asahi","Breeder",2023-05-10,"Evictor","NotConceived","Conception","Helper","Evictor",-184,33,0,13,13,98,98,"Rapid","Sub_S","TIF025",1852,-742,"Younger","Rapid_Conc"
"TIF025",2023-03-22,"F",2018-03-12,2023-05-10,"Asahi","Tinbergen",NA,2022-10-05,2023-04-07,2024-02-21,2024-02-21,23,"Sub",1852,"Helper",NA,NA,NA,"NonBreeder",2023-05-10,"Evictee","NotConceived",NA,"Helper","Evictee",-184,33,0,NA,NA,NA,NA,"Rapid","Sub_S","TIF039",1110,742,"Older","Rapid_Conc"
"WAF002",2022-07-18,"F",2013-11-23,2022-08-15,"Angol","DaVinci",2022-04-04,2022-04-27,2022-07-18,2023-10-19,2023-10-19,13,"Queen",3159,"Breeder",2022-08-31,2022-11-24,"Angol","Breeder",2022-08-16,"Evictor","NotConceived","Conception","Breeder","Evictor",-82,28,1,16,15,101,100,"Rapid","Breeder","DVF047",1314,1845,"Older","Rapid_Conc"
"DVF047",2022-07-18,"F",2018-12-12,2022-08-15,"Angol","DaVinci",2022-04-04,2022-04-27,2022-07-18,2023-02-27,2023-02-27,13,"Queen",1314,"Helper",NA,NA,NA,"NonBreeder",2022-08-16,"Evictee","NotConceived",NA,"Helper","Evictee",-82,28,1,NA,NA,NA,NA,"Rapid","Sub_Q","WAF002",3159,-1845,"Younger","Rapid_Conc"
"ABF002",2023-03-02,"F",2021-06-22,2023-03-02,"Corona","Amobo",2022-12-15,2021-06-22,2023-02-03,2024-05-06,2024-05-06,19,"Queen",591,"Helper",2023-03-19,2023-06-12,"Corona","Breeder",2023-03-03,"Evictor","NotConceived","Conception","Helper","Evictor",-591,27,1,17,16,102,101,"Rapid","Sub_Q","GOF025",1648,-1057,"Younger","Rapid_Conc"
"GOF025",2023-03-02,"F",2018-07-31,2023-03-02,"Corona","Amobo",2022-12-15,2021-06-22,2023-02-03,2024-02-21,2024-02-21,19,"Queen",1648,"Breeder",NA,NA,NA,"NonBreeder",2023-03-03,"Evictee","NotConceived",NA,"Breeder","Evictee",-591,27,1,NA,NA,NA,NA,"Rapid","Breeder","ABF002",591,1057,"Older","Rapid_Conc"
"PPF007",2022-03-31,"F",2020-03-21,2022-04-28,"Delirium","PlakaPlaka",2022-02-20,2022-03-05,2022-03-31,2023-04-05,2023-04-05,8,"Sub",740,"Helper",2022-05-13,2022-08-06,"Delirium","Breeder",2022-04-29,"Evictor","NotConceived","Conception","Helper","Evictor",-26,28,1,15,14,100,99,"Rapid","Sub_S","PPF009",597,143,"Older","Rapid_Conc"
"PPF009",2022-03-31,"F",2020-08-11,2022-04-28,"Delirium","PlakaPlaka",2022-02-20,2022-03-05,2022-03-31,2022-06-16,2022-06-16,8,"Sub",597,"Helper",NA,NA,NA,"NonBreeder",2022-04-29,"Evictee","NotConceived",NA,"Helper","Evictee",-26,28,1,NA,NA,NA,NA,"Rapid","Sub_S","PPF007",740,-143,"Younger","Rapid_Conc"
"MIF016",2022-07-18,"F",2020-11-08,2022-08-15,"DjuDju","Milou",2022-04-04,2022-04-16,2022-07-18,2023-05-08,2023-05-08,15,"Sub",617,"Helper",2022-08-30,2022-11-23,"DjuDju","Breeder",2022-08-16,"Evictor","NotConceived","Conception","Helper","Evictor",-93,28,1,15,14,100,99,"Rapid","Sub_S","MIF012",730,-113,"Younger","Rapid_Conc"
"MIF012",2022-07-18,"F",2020-07-18,2022-08-15,"DjuDju","Milou",2022-04-04,2022-04-16,2022-07-18,2023-02-27,2023-02-27,15,"Sub",730,"Helper",NA,NA,NA,"NonBreeder",2022-08-16,"Evictee","NotConceived",NA,"Helper","Evictee",-93,28,1,NA,NA,NA,NA,"Rapid","Sub_S","MIF016",617,113,"Older","Rapid_Conc"
"TSF048",2022-07-18,"F",2017-08-22,2022-08-15,"Stella","Milou",2022-04-04,2022-04-16,2022-07-18,NA,2024-08-06,16,"Queen",1791,"Breeder",2022-08-24,2022-11-17,"Stella","Breeder",2022-08-16,"Evictor","NotConceived","Conception","Breeder","Evictor",-93,28,1,9,8,94,93,"Rapid","Breeder","MIF008",882,909,"Older","Rapid_Conc"
"MIF008",2022-07-18,"F",2020-02-17,2022-08-15,"Stella","Milou",2022-04-04,2022-04-16,2022-07-18,2023-02-27,2023-02-27,16,"Queen",882,"Helper",NA,NA,NA,"NonBreeder",2022-08-16,"Evictee","NotConceived",NA,"Helper","Evictee",-93,28,1,NA,NA,NA,NA,"Rapid","Sub_Q","TSF048",1791,-909,"Younger","Rapid_Conc"
"CUF031",2022-01-18,"F",2018-02-03,2022-02-15,"Trolls","Curie",NA,2021-03-01,2022-01-18,2023-03-29,2023-03-29,5,"Sub",1445,"Helper",2022-02-27,2022-05-23,"Trolls","Breeder",2022-02-16,"Evictor","NotConceived","Conception","Helper","Evictor",-323,28,1,12,11,97,96,"Rapid","Sub_S","CUF012",2206,-761,"Younger","Rapid_Conc"
"CUF012",2022-01-18,"F",2016-01-04,2022-02-15,"Trolls","Curie",NA,2021-03-01,2022-01-18,2023-02-27,2023-02-27,5,"Sub",2206,"Helper",NA,NA,NA,"NonBreeder",2022-02-16,"Evictee","NotConceived",NA,"Helper","Evictee",-323,28,1,NA,NA,NA,NA,"Rapid","Sub_S","CUF031",1445,761,"Older","Rapid_Conc"
"WAF041",2022-03-31,"F",2020-02-21,2022-04-28,"BlueMoon","Watson",NA,2022-02-08,2022-03-31,2023-03-29,2023-03-29,3,"Sub",769,"Helper",2022-05-11,2022-08-04,"BlueMoon","Breeder",2022-05-01,"Evictor","NotConceived","Conception","Helper","Evictor",-51,28,3,13,10,98,95,"Rapid","Sub_S","WAF045",570,199,"Older","Rapid_Conc"
"WAF045",2022-03-31,"F",2020-09-07,2022-04-28,"BlueMoon","Watson",NA,2022-02-08,2022-03-31,2023-02-27,2023-02-27,3,"Sub",570,"Helper",NA,NA,NA,"NonBreeder",2022-05-01,"Evictee","NotConceived",NA,"Helper","Evictee",-51,28,3,NA,NA,NA,NA,"Rapid","Sub_S","WAF041",769,-199,"Younger","Rapid_Conc"
"TIF036",2023-03-22,"F",2019-08-25,2023-05-10,"Featherstone","Tinbergen",NA,2022-10-05,2023-04-07,NA,2024-08-06,24,"Sub",1321,"Helper",2023-05-22,2023-08-15,"Featherstone","Breeder",2023-05-14,"Evictor","NotConceived","Conception","Helper","Evictor",-184,33,4,12,8,97,93,"Rapid","Sub_S","TIF038",1110,211,"Older","Rapid_Conc"
"TIF038",2023-03-22,"F",2020-03-23,2023-05-10,"Featherstone","Tinbergen",NA,2022-10-05,2023-04-07,2024-02-21,2024-02-21,24,"Sub",1110,"Helper",NA,NA,NA,"NonBreeder",2023-05-14,"Evictee","NotConceived",NA,"Helper","Evictee",-184,33,4,NA,NA,NA,NA,"Rapid","Sub_S","TIF036",1321,-211,"Younger","Rapid_Conc"
"GOF035",2022-05-06,"F",2020-02-22,2022-06-03,"Hoodoo","Goodall",NA,2021-03-11,2022-05-06,2023-05-04,2023-05-04,12,"Sub",804,"Helper",2022-06-14,2022-09-07,"Hoodoo","Breeder",2022-06-08,"Evictor","NotConceived","Conception","Helper","Evictor",-421,28,5,11,6,96,91,"Rapid","Sub_S","GOF040",574,230,"Older","Rapid_Conc"
"GOF040",2022-05-06,"F",2020-10-09,2022-06-03,"Hoodoo","Goodall",NA,2021-03-11,2022-05-06,2023-02-27,2023-02-27,12,"Sub",574,"Helper",NA,NA,NA,"NonBreeder",2022-06-08,"Evictee","NotConceived",NA,"Helper","Evictee",-421,28,5,NA,NA,NA,NA,"Rapid","Sub_S","GOF035",804,-230,"Younger","Rapid_Conc"
"ORF005",2023-03-02,"F",2020-02-10,2023-03-02,"Kasteel","Orycterope",2022-12-16,2023-01-15,2023-02-03,NA,2024-08-06,21,"Sub",1089,"Helper",2023-03-19,2023-06-12,"Kasteel","Breeder",2023-03-08,"Evictor","NotConceived","Conception","Helper","Evictor",-19,27,6,17,11,102,96,"Rapid","Sub_S","ORF018",618,471,"Older","Rapid_Conc"
"ORF018",2023-03-02,"F",2021-05-26,2023-03-02,"Kasteel","Orycterope",2022-12-16,2023-01-15,2023-02-03,2024-02-21,2024-02-21,21,"Sub",618,"Helper",NA,NA,NA,"NonBreeder",2023-03-08,"Evictee","NotConceived",NA,"Helper","Evictee",-19,27,6,NA,NA,NA,NA,"Rapid","Sub_S","ORF005",1089,-471,"Younger","Rapid_Conc"
"MBF003",2023-03-02,"F",2020-06-09,2023-03-02,"GhostShip","Marabou",2022-12-16,2022-12-30,2023-02-03,NA,2024-08-06,20,"Sub",969,"Helper",2023-03-12,2023-06-05,"GhostShip","Breeder",2023-03-10,"Evictor","NotConceived","Conception","Helper","Evictor",-35,27,8,10,2,95,87,"Rapid","Sub_S","MBF006",686,283,"Older","Rapid_Conc"
"MBF006",2023-03-02,"F",2021-03-19,2023-03-02,"GhostShip","Marabou",2022-12-16,2022-12-30,2023-02-03,2024-02-21,2024-02-21,20,"Sub",686,"Helper",NA,NA,NA,"NonBreeder",2023-03-10,"Evictee","NotConceived",NA,"Helper","Evictee",-35,27,8,NA,NA,NA,NA,"Rapid","Sub_S","MBF003",969,-283,"Younger","Rapid_Conc"
"PPF008",2022-03-31,"F",2020-03-21,2022-04-28,"Chouffe","PlakaPlaka",2022-02-20,2022-03-05,2022-03-31,2023-05-08,2023-05-08,7,"Queen",740,"Helper",2022-06-23,2022-09-16,"Chouffe","Breeder",2022-04-29,"Evictor","NotConceived","PreFirstConception","Helper","Evictor",-26,28,1,56,55,141,140,"Rapid","Sub_Q","WEF005",2169,-1429,"Younger","Rapid_PreFirst"
"WEF005",2022-03-31,"F",2016-04-22,2022-04-28,"Chouffe","PlakaPlaka",2022-02-20,2022-03-05,2022-03-31,2023-02-27,2023-02-27,7,"Queen",2169,"Breeder",NA,NA,NA,"NonBreeder",2022-04-29,"Evictee","NotConceived",NA,"Breeder","Evictee",-26,28,1,NA,NA,NA,NA,"Rapid","Breeder","PPF008",740,1429,"Older","Rapid_PreFirst"
"MBF004",2023-03-02,"F",2020-11-14,2023-03-02,"Bitburger","Marabou",2022-12-16,2022-12-30,2023-02-03,NA,2024-08-06,18,"Queen",811,"Helper",2023-04-20,2023-07-14,"Bitburger","Breeder",2023-03-04,"Evictor","NotConceived","PreFirstConception","Helper","Evictor",-35,27,2,49,47,134,132,"Rapid","Sub_Q","DRF004",2411,-1600,"Younger","Rapid_PreFirst"
"DRF004",2023-03-02,"F",2016-06-28,2023-03-02,"Bitburger","Marabou",2022-12-16,2022-12-30,2023-02-03,2024-02-21,2024-02-21,18,"Queen",2411,"Breeder",2023-06-10,2023-09-03,"BBT001","Breeder",2023-03-04,"Evictee","NotConceived","NotPregnant","Breeder","Evictee",-35,27,2,100,98,185,183,"Rapid","Breeder","MBF004",811,1600,"Older","Rapid_PreFirst"
"SOF006",2022-05-06,"F",2020-07-14,2022-06-03,"Firestone","Shorny",2022-03-03,2022-03-06,2022-05-06,2022-12-20,2022-12-20,10,"Sub",661,"Helper",2022-09-25,2022-12-22,"Firestone","NonBreeder",2022-06-07,"Evictor","NotConceived","PreFirst","Helper","Evictor",-61,28,4,114,110,202,198,"Rapid","Sub_S","SOF002",818,-157,"Younger","Rapid_PreFirst"
"SOF002",2022-05-06,"F",2020-02-08,2022-06-03,"Firestone","Shorny",2022-03-03,2022-03-06,2022-05-06,2023-02-27,2023-02-27,10,"Sub",818,"Helper",NA,NA,NA,"NonBreeder",2022-06-07,"Evictee","NotConceived",NA,"Helper","Evictee",-61,28,4,NA,NA,NA,NA,"Rapid","Sub_S","SOF006",661,157,"Older","Rapid_PreFirst"
"RRF006",2022-01-18,"F",2020-02-13,2022-02-15,"DarlingBrew","RuRu",2021-12-23,2021-12-23,2022-01-18,2023-03-29,2023-03-29,4,"Sub",705,"Helper",2022-04-08,2022-07-02,"DarlingBrew","Breeder",2022-03-08,"Evictor","NotConceived","PreFirstConception","Helper","Evictor",-26,28,21,52,31,137,116,"Rapid","Sub_S","RRF010",514,191,"Older","Rapid_PreFirst"
"RRF010",2022-01-18,"F",2020-08-22,2022-02-15,"DarlingBrew","RuRu",2021-12-23,2021-12-23,2022-01-18,2023-02-27,2023-02-27,4,"Sub",514,"Helper",NA,NA,NA,"NonBreeder",2022-03-08,"Evictee","NotConceived",NA,"Helper","Evictee",-26,28,21,NA,NA,NA,NA,"Rapid","Sub_S","RRF006",705,-191,"Younger","Rapid_PreFirst"
"RRF004",2021-12-30,"F",2020-02-13,2022-02-15,"Licher","RuRu",2021-12-23,2021-12-23,2022-01-18,2023-05-04,2023-05-04,1,"Queen",705,"Helper",2022-05-07,2022-07-31,"Licher","Breeder",2022-04-28,"Evictor","NotConceived","Conception","Helper","Evictor",-26,28,72,81,9,166,94,"Slow","Sub_Q","VGF001",1733,-1028,"Younger","Slow_Conc"
"VGF001",2021-12-30,"F",2017-04-21,2022-02-15,"Licher","RuRu",2021-12-23,2021-12-23,2022-01-18,2023-06-20,2023-06-20,1,"Queen",1733,"Breeder",2022-03-17,2022-06-10,"LCT001","Breeder",2022-04-28,"Evictee","Conceived","SecondTrimester","Breeder","Evictee",-26,28,72,30,-42,115,43,"Slow","Breeder","RRF004",705,1028,"Older","Slow_Conc"
"ERF002",2023-03-23,"F",2020-12-29,2023-05-10,"Leffe","Erotics",2023-01-19,2023-01-26,2023-04-07,NA,2024-08-06,17,"Queen",829,"Helper",2023-08-22,2023-11-15,"Leffe","Breeder",2023-08-12,"Evictor","NotConceived","Conception","Helper","Evictor",-71,33,94,104,10,189,95,"Slow","Sub_Q","KGF002",2348,-1519,"Younger","Slow_Conc"
"KGF002",2023-01-31,"F",2016-11-01,2023-05-10,"Leffe","Erotics",2023-01-19,2023-01-26,2023-04-07,2024-02-21,2024-02-21,17,"Queen",2348,"Breeder",2023-05-16,2023-08-09,"Leffe","Breeder",2023-08-12,"Evictee","Conceived",NA,"Breeder","Evictee",-71,33,94,6,-88,91,-3,"Slow","Breeder","ERF002",829,1519,"Older","Slow_Conc"
"TMF002",2022-03-31,"F",2020-03-22,2022-04-28,"BlackLabel","The Maags",2022-01-13,2022-01-26,2022-03-31,2023-12-02,2023-12-02,6,"Queen",739,"Helper",2022-10-02,2022-12-26,"BlackLabel","Breeder",2022-09-27,"Evictor","NotConceived","Conception","Helper","Evictor",-64,28,152,157,5,242,90,"Slow","Sub_Q","Z3F043",1910,-1171,"Younger","Slow_Conc"
"Z3F043",2022-03-31,"F",2017-01-06,2022-04-28,"BlackLabel","The Maags",2022-01-13,2022-01-26,2022-03-31,2023-02-27,2023-02-27,6,"Queen",1910,"Breeder",2022-07-27,2022-10-20,"BLT001","Breeder",2022-09-27,"Evictee","Conceived","ThirdTrimester","Breeder","Evictee",-64,28,152,90,-62,175,23,"Slow","Breeder","TMF002",739,1171,"Older","Slow_Conc"
"RSF008",2022-05-06,"F",2020-07-23,2022-06-03,"Guinness","Roms",2022-03-03,2022-03-08,2022-05-06,2023-11-28,2023-11-28,11,"Queen",652,"Helper",2023-02-13,2023-05-09,"Guinness","Breeder",2022-10-14,"Evictor","NotConceived","PreFirstConception","Helper","Evictor",-59,28,133,255,122,340,207,"Slow","Sub_Q","DRF015",1743,-1091,"Younger","Slow_PreFirst"
"DRF015",2022-05-06,"F",2017-07-28,2022-06-03,"Guinness","Roms",2022-03-03,2022-03-08,2022-05-06,2023-05-10,2023-05-10,11,"Queen",1743,"Breeder",2022-07-09,2022-10-02,"Guinness","Breeder",2022-10-14,"Evictee","Conceived",NA,"Breeder","Evictee",-59,28,133,36,-97,121,-12,"Slow","Breeder","RSF008",652,1091,"Older","Slow_PreFirst"
"SOF001",2022-05-06,"F",2020-02-08,2022-06-03,"Corbeau","Shorny",2022-03-03,2022-03-06,2022-05-06,NA,2024-08-06,9,"Queen",818,"Helper",2023-03-01,2023-05-25,"Corbeau","Breeder",2023-01-16,"Evictor","NotConceived","PreFirstConception","Helper","Evictor",-61,28,227,271,44,356,129,"Slow","Sub_Q","ARF028",1786,-968,"Younger","Slow_PreFirst"
"ARF028",2022-05-06,"F",2017-06-15,2022-06-03,"Corbeau","Shorny",2022-03-03,2022-03-06,2022-05-06,2023-01-17,2023-01-17,9,"Queen",1786,"Breeder",2022-06-16,2022-09-09,"Corbeau","Breeder",2023-01-16,"Evictee","Conceived",NA,"Breeder","Evictee",-61,28,227,13,-214,98,-129,"Slow","Breeder","SOF001",818,968,"Older","Slow_PreFirst"
"KBF006",2021-12-30,"F",2020-08-28,2022-02-15,"Tusker","Kori",2021-12-13,2021-12-12,2022-01-18,NA,2024-08-06,2,"Queen",508,"Helper",2022-02-27,2022-05-23,"Tusker","Breeder",2024-05-12,"Evictor","Conceived",NA,"Helper","Evictor",-37,28,817,12,-805,97,-720,"Slow","Sub_Q","COF014",1782,-1274,"Younger","Slow_PostFirst"
"COF014",2021-12-30,"F",2017-03-03,2022-02-15,"Tusker","Kori",2021-12-13,2021-12-12,2022-01-18,2024-05-12,2024-05-12,2,"Queen",1782,"Breeder",2022-02-18,2022-05-14,"Tusker","Breeder",2024-05-12,"Evictee","Conceived",NA,"Breeder","Evictee",-37,28,817,3,-814,88,-729,"Slow","Breeder","KBF006",508,1274,"Older","Slow_PostFirst"
"ORF017",2023-03-02,"F",2020-12-15,2023-03-02,"WicklowWolf","Orycterope",2022-12-16,2023-01-15,2023-02-03,NA,2024-08-06,22,"Queen",780,"Helper",NA,NA,NA,"NonBreeder",2023-09-28,"Evictor","NotConceived",NA,"Helper","Evictor",-19,27,210,NA,NA,NA,NA,"Slow","Sub_Q","VGF002",2114,-1334,"Younger","Slow_None"
"VGF002",2023-03-02,"F",2017-04-21,2023-03-02,"WicklowWolf","Orycterope",2022-12-16,2023-01-15,2023-02-03,2023-09-28,2023-09-28,22,"Queen",2114,"Breeder",2023-03-11,2023-06-04,"WicklowWolf","Breeder",2023-09-28,"Evictee","Conceived",NA,"Breeder","Evictee",-19,27,210,9,-201,94,-116,"Slow","Breeder","ORF017",780,1334,"Older","Slow_None"
"DVF048",2022-07-18,"F",2018-12-12,2022-08-15,"DevilsPeak","DaVinci",2022-04-04,2022-04-27,2022-07-18,2023-05-11,2023-05-11,14,"Sub",1314,"Helper",2022-09-17,2022-12-11,"DevilsPeak","Breeder",NA,"InGroup","Conceived",NA,"Helper","InGroup",-82,28,NA,33,NA,118,NA,"None","Sub_S","DVF061",899,415,"Older","NoEviction"
"DVF061",2022-07-18,"F",2020-01-31,2022-08-15,"DevilsPeak","DaVinci",2022-04-04,2022-04-27,2022-07-18,NA,2024-08-06,14,"Sub",899,"Helper",2023-08-06,2023-10-30,"DevilsPeak","Breeder",NA,"InGroup","Conceived",NA,"Helper","InGroup",-82,28,NA,356,NA,441,NA,"None","Sub_S","DVF048",1314,-415,"Younger","NoEviction"
"BEF006",2023-03-24,"F",2014-11-09,2023-05-10,"Lion","Bennett",NA,2021-07-15,2023-04-07,NA,2024-08-06,25,"Sub",3071,"Helper",2023-05-21,2023-08-14,"Lion","Breeder",NA,"InGroup","Conceived",NA,"Helper","InGroup",-631,33,NA,11,NA,96,NA,"None","Sub_S","BEF036",1914,1157,"Older","NoEviction"
"BEF036",2023-03-24,"F",2018-01-09,2023-05-10,"Lion","Bennett",NA,2021-07-15,2023-04-07,NA,2024-08-06,25,"Sub",1914,"Helper",2023-08-14,2023-11-07,"Lion","Breeder",NA,"InGroup","Conceived",NA,"Helper","InGroup",-631,33,NA,96,NA,181,NA,"None","Sub_S","BEF006",3071,-1157,"Younger","NoEviction"
